SET SQL_MODE = "NO_AUTO_VALUE_ON_ZERO";
SET time_zone = "+00:00";

/*!40101 SET @OLD_CHARACTER_SET_CLIENT=@@CHARACTER_SET_CLIENT */;
/*!40101 SET @OLD_CHARACTER_SET_RESULTS=@@CHARACTER_SET_RESULTS */;
/*!40101 SET @OLD_COLLATION_CONNECTION=@@COLLATION_CONNECTION */;
/*!40101 SET NAMES utf8mb4 */;

CREATE DATABASE IF NOT EXISTS `ventas` DEFAULT CHARACTER SET latin1 COLLATE latin1_swedish_ci;
USE `ventas`;

DROP TABLE IF EXISTS `clientes`;
CREATE TABLE `clientes` (
  `idclientes` int(11) NOT NULL COMMENT 'El idclientes se cruza con el campo id de la tabla imagenes para sacar la imagen blob',
  `nombres` varchar(150) DEFAULT NULL,
  `apellidos` varchar(150) DEFAULT NULL,
  `telefono` varchar(45) DEFAULT NULL,
  `fechaNacimiento` date DEFAULT NULL COMMENT 'la edad se muestra en java en base a restar el year actual con la fecha de nacimiento y si el mes es mayor al actual se resta 1',
  `correo` varchar(45) DEFAULT NULL,
  `estado` int(11) DEFAULT NULL COMMENT 'ESTADOS = 1 activo, 0 mora, 2 desactivado',
  `nota` varchar(150) DEFAULT NULL,
  `dui` varchar(25) DEFAULT NULL
) ENGINE=InnoDB DEFAULT CHARSET=latin1 COMMENT='ESTADOS = 1 activo, 0 mora, 2 desactivado\nEl idclientes se cruza con el campo id de la tabla imagenes para sacar la imagen blob';

INSERT INTO `clientes` (`idclientes`, `nombres`, `apellidos`, `telefono`, `fechaNacimiento`, `correo`, `estado`, `nota`, `dui`) VALUES
(162, 'CLIENTE-GENERICO', 'CLIENTE-GENERICO', '', '1989-12-05', '', 1, 'CLIENTE GENERICO SE UTILIZA CUANDO EL CLIENTE NO EXISTE Y SE REQUIERE HACER UNA VENTA', '000000000'),
(163, 'jaime ernesto REPORTE', 'rodas martinez', '7727-5486', '1989-12-05', 'correo77@hotmail.com', 1, 'TESTTTTT', '000000000'),
(164, 'jaime ernesto', 'rodas martinez', '8080-7749', '1993-02-11', 'correodeprueba@hotmail.com', 1, 'Cliente de prueba', '000000000');

DROP TABLE IF EXISTS `detallefactura`;
CREATE TABLE `detallefactura` (
  `codDetalle` int(11) NOT NULL,
  `codFactura` int(11) NOT NULL,
  `codProducto` int(11) NOT NULL,
  `codBarra` varchar(50) COLLATE utf8_spanish_ci DEFAULT NULL,
  `nombreProducto` varchar(75) COLLATE utf8_spanish_ci NOT NULL,
  `cantidad` int(11) NOT NULL,
  `precioVenta` decimal(10,2) NOT NULL,
  `total` decimal(10,2) NOT NULL,
  `fechaInicio` date DEFAULT NULL,
  `fechaFinal` date DEFAULT NULL
) ENGINE=InnoDB DEFAULT CHARSET=utf8 COLLATE=utf8_spanish_ci;

INSERT INTO `detallefactura` (`codDetalle`, `codFactura`, `codProducto`, `codBarra`, `nombreProducto`, `cantidad`, `precioVenta`, `total`, `fechaInicio`, `fechaFinal`) VALUES
(1, 1, 20, 'PESAS/SPINNIG', 'PESAS', 1, '25.00', '25.00', '2021-08-03', '2021-09-03'),
(2, 2, 20, 'PESAS/SPINNIG', 'PESAS', 1, '25.00', '25.00', '2021-08-26', '2021-09-30');
DROP TRIGGER IF EXISTS `trgActualizarStock`;
DELIMITER $$
CREATE TRIGGER `trgActualizarStock` BEFORE INSERT ON `detallefactura` FOR EACH ROW BEGIN
SET @stockAntiguo =(SELECT stockActual FROM producto WHERE codProducto=new.codProducto);
UPDATE	producto
SET stockActual=@stockAntiguo-new.cantidad where codProducto=new.codProducto;
end
$$
DELIMITER ;

DROP TABLE IF EXISTS `factura`;
CREATE TABLE `factura` (
  `codFactura` int(11) NOT NULL,
  `numeroFactura` int(11) NOT NULL,
  `idusuarios` int(11) NOT NULL,
  `idclientes` int(11) NOT NULL,
  `totalVenta` decimal(10,2) NOT NULL,
  `fechaRegistro` timestamp NOT NULL DEFAULT CURRENT_TIMESTAMP ON UPDATE CURRENT_TIMESTAMP
) ENGINE=InnoDB DEFAULT CHARSET=utf8 COLLATE=utf8_spanish_ci;

INSERT INTO `factura` (`codFactura`, `numeroFactura`, `idusuarios`, `idclientes`, `totalVenta`, `fechaRegistro`) VALUES
(1, 1, 1, 163, '25.00', '2021-08-03 15:04:50'),
(2, 2, 1, 163, '25.00', '2021-08-26 20:39:39');

DROP TABLE IF EXISTS `imagen`;
CREATE TABLE `imagen` (
  `codigo` int(11) NOT NULL,
  `img` longblob NOT NULL
) ENGINE=InnoDB DEFAULT CHARSET=latin1;

DROP TABLE IF EXISTS `imagenes`;
CREATE TABLE `imagenes` (
  `idimagenes` int(11) NOT NULL,
  `descripcion` varchar(150) DEFAULT NULL,
  `id` int(11) DEFAULT NULL,
  `imagen` longblob,
  `idmodulo` int(11) DEFAULT NULL
) ENGINE=InnoDB DEFAULT CHARSET=latin1;

INSERT INTO `imagenes` (`idimagenes`, `descripcion`, `id`, `imagen`, `idmodulo`) VALUES
(1, 'jaime ernesto_rodas martinez', 164, '\0JFIF\0\0\0\0\0\0\0Photoshop 3.0\08BIM\0\0\0\0\0g\0X-eNUt3Tbia8Mn_Va1F5(\0bFBMD01000ac0030000ea070000041000003b110000aa120000d01b0000782600004c270000a0280000ff290000003a0000ICC_PROFILE\0\0\0lcms\0\0mntrRGB XYZ \0\0\0\0)\09acspAPPL\0\0\0\0\0\0\0\0\0\0\0\0\0\0\0\0\0\0\0\0\0\0\0\0\0\0\0\0\0\0\0-lcms\0\0\0\0\0\0\0\0\0\0\0\0\0\0\0\0\0\0\0\0\0\0\0\0\0\0\0\0\0\0\0\0\0\0\0\0\0\0\0\0\0\0\0\0\0\0\0\ndesc\0\0\0\0\0\0^cprt\0\0\\\0\0\0wtpt\0\0h\0\0\0bkpt\0\0|\0\0\0rXYZ\0\0\0\0\0gXYZ\0\0\0\0\0bXYZ\0\0\0\0\0rTRC\0\0\0\0\0@gTRC\0\0\0\0\0@bTRC\0\0\0\0\0@desc\0\0\0\0\0\0\0c2\0\0\0\0\0\0\0\0\0\0\0\0\0\0\0\0\0\0\0\0\0\0\0\0\0\0\0\0\0\0\0\0\0\0\0\0\0\0\0\0\0\0\0\0\0\0\0\0\0\0\0\0\0\0\0\0\0\0\0\0\0\0\0\0\0\0\0\0\0\0\0\0\0\0\0\0\0\0\0\0\0\0text\0\0\0\0FB\0\0XYZ \0\0\0\0\0\0\0\0\0\0\0-XYZ \0\0\0\0\0\0\0\03\0\0XYZ \0\0\0\0\0\0o\0\08\0\0XYZ \0\0\0\0\0\0b\0\0\0\0XYZ \0\0\0\0\0\0$\0\0\0\0curv\0\0\0\0\0\0\0\Z\0\0\0ck?Q4!)2;FQw]kpz|i}0\0C\0\n\n\n		\n\Z%\Z# , #&\')*)-0-(0%()(\0C\n\n\n\n(\Z\Z((((((((((((((((((((((((((((((((((((((((((((((((((\0\0\0\"\0\0\0\0\0\0\0\0\0\0\0\0\0\0\0\0\0\0\0\0\0\0\0\0\0\0\0\0\0\0\0\0\0\0\0\0\0\0\0\0\0\0\0\0\0\0\0\0HҗHst<ЌW\ZhȣvtjsǖC9R4nCUKTU66|\09tA%lH#.lsm1,c̺lH\ZQd2<HFۉTP6O:cA!b\"8zHTrvIWKsaUe_;2kWw7t<rL*aiBƞk2$A3\nJdX:Lf/fM%rr8~BkZDI\0+>0Fi\r>Mu phlaӜOŒ©S8+f]HRݚr&LpLЦg\r@M̾WDze~ՙR89]_)(,eBjrSSA=#ֺYqqUl{GD\'R;jyW\\RBT)E{Mbڱst?*s;)eT\0a~Jaw`Y|E{i/XS`\\reNu\r=5_M|\0[N?\Z@aӡ*OVBe=TMZnfCSjuS>»vfr+P%0[_>a+m44utEu\n xhCRRn;i\n OPι])@Iξ.F*wbЪ7>zwWRb}4M*8sV\Zǵη_ڬ/\0Tbj}I*ZRe\" J$g-1Wo˼_f<ȍFbf({q<[:>`bgK+JM[\' 5Z=5:tf\ru\09\'se}\"?ad}~C=f`\Zly*w%b.tY´syWy՗7=9.:\"US0ɲ~#_ewFTIBg	B7VǓ\r03<]F29l3]|[j~\0,\0\0\0\0\0\0!\"1#2$34A 0B\0\0\0	cSă2Aё\'܁\"ge΍dȭX뿍[\r:y!RS97)DCx12#Ȋ\'8.xV	Z3[^֤8ŏ@RJl0$^mh~^ݲS?hd=->6_%RŕPPD`T*XVC_VHHڳ0cq$!08 Ɋ.H9&}>pb%UVH%HqYZvV:7Asb38ͤFxª-і2;8x9S哕S2ޫk\0a^9Ĥo5Ȭ0f39VָVq2viJkĂkLY[*i\\9JV蘒/`jzlK(KG[Ne\n\\Z:Uwe؜\'2Dk&ǖ 	cgi&$lW-dne<O.|o{x!3tyv\r8m#UE)tӯ	qrtHoTȴ=e\\kj:t|dN&O);r݃T]Qj_ٚX9B\'$enH[0q\"sεr;NpәਤMvY\n?M.?|ߚ8<BN	ο\"vB\0=H4Tc~Ϧ;>kU.F|f\"L0\ndX\":TƢzx{Q0X9g1Uk\\/r\0ﬦZS*u2! gI7ʣ&K`ECrz.V2&5sən`>\0j\n[$f3;HC\'.ʺ\0{\r\r\"żF] U,%g\'pY,=0g2Ʈp\\clW8»]qj1e,MPl0aѱd,0=0WgUR:NeA[muQsUc)խuwJt3ΆBLI=?hHZM7eg}e]B&{9Lv9%<`m<cx!!BbMsdэ\\,ijuS\0Ĺ.F<cB8DAo;Lq;.`b	NL\n:rI;\",0lsdvb #n?86$ҹ@<C5p9ܒ(܏2\" ܉22|L]Csam!%p%LV\Z6bovI2[A`*DkiGnÊɑLB/Uz%XT5-FKWmm_Odn魤I5+8tDGHGWOnXqzMa7*7tOQ]:ʰmնBLxsr۞S-=imMOlQȖH7~Jh&ὗ?VzYJV1ܽ\\٠~\rtaq)Vqu\'հ1m-]=KmĶAZU}ur.:aiͬu9uWuE٦&XA\"i\Z:+锑9aKvtR{Bd3Y7H!\Zc,`r4o&ig<6BV+<M5f@mz[(\Z#sbsMW6֞pN!jf\nHor4ś\n>301FNLqͿYΝ\0}4sF-O(#y_qt4ǻ;`AmCX1#Y#q}ՄYFQl r2\'imd\0,\0g#l~?|ϔ\0\0|d`d|O\0g\0\"\0\0\0\0\0\0\0\01! AQ\0?BgģǓ=Hq*oʉˑBrcvV,[66Bw4OLƚ&X]֧б?qQ2CإDrVtsddݭ8j+Ld|xg*R#3٥i0KItgKvEZ\ZHzlF?)FkMCdrYvq\"	K3cZbBp]#XQhS3G\"G1G5ؑx!8J[]-3ܺ\0\'\0\0\0\0\0\0\0\0! 12\"QaA\0?ls)!܃W\0?nEhI	QJ#n1+GQ\Z;rJ%hԈ(l\\]	b\'*\Z?$lO/M4=Qp:,m\n,cXR&َz̙b⌱dd7b.Z%OvgJ(q(4<vK\"Bt.݅xhfOQQ5~d[Ct<wytͲQ9QkCVxaghJ=|+gOF<}\'<n%Fo龾>?Pp}B\07\0\0\0\0\0\0!1A\"Qa2q #Rb0B3r@cs\0\0\0?k긓WL\\]Xr?\09It*$BrJ0uQ\rIk\nOu\Z\nd!{C]-y\\\nD\'D~PQd9S,M88u*3V3SU%7OJ&\"_{bR.Mc5*~8o;ZBFi<\n{>S5ʥAEB06Z	=л!#sm+\\!5К̑^snZ]\"G#?q	nVv@Sp~\n+T[ ´kd2ƪ_\n{w*NB.$»mm1.ܩq?evGZs*ϕ.&ה\Zt=-:U)脪	Nob2w|0Q\02UyVS\Z!>QeIPBګ\\:F96\rpA(-ʥ/\Z*6:M*:v_diFBH+X~h/L48\\{HB[8B)50Oa(}Q7:Uȏ,xQ9>*W\0`T&8l=˩)#Q4g\'o	Qߓ>aY(ERyQpJ~Wh	)#\njܢ	ΪOUwe>|+|G<@rou[/˚Km\Z}ϔ븭\'\Zc7AUNLَ:²	>zpQ\"y:`^eS5%[{سQn^NkFHQ*eHi\rF\0ꈢTѿXLGXS~L!JfXV\0ry*X\0\'2MV<&\Z+\n,\'Sצ۱O&eKEdjTry@]{e`^ҴP1P{^ȚpΡGnĽP/k;.-h}*N\nGR&#!d*te>;\" ~U.[L=IbFZHNWבஏ%\Z-Vj6ph-1)W7+vS88 FP\0FBw+{rkv*L:rU0`ʟf纶9\ZxF;L+U\ZЭ /cBQQM	§at½hd,FN*-ԅ!,)+D3ڜϺlLdG#Ar쥥gу(lR}u7(^C13\\Ad\'OƙNu)IqƇ<̷̫]h6bJ.YV\\U)r!aa\0W7*@.?U2tPcg)$)`;;s5dH]+(~|+{siooH\"WRxVhw;.g3Tc@\Za4gANiȞYuL\'l/pMaFr->!w@^֢*7^F]鈵^F| NJJCS׫H/ (\"}!ľvtjUD)7E\Zxs`/S4L5*L\nA>\Z$)P60:+lxbG\\OBKb-;ԉ\0Pmv߆*<GUMQ\"ӄ9YJh.E\'6@k)$hBP\n֫i5ԃlo6.YUԭٵq-\0Ur}:0\\+׿\0I\Z3SkJ\'ʌq\Z{hj*olþ(B:D5+q4nSp,xz,{nVuE;,RCժ;30&poZ֝!~M\nz_tW)Kg\r;ZmģWXt;2\0v\Ze3ҽO^ʿ5r~ɝ\Zo<],*\\?*QHEK&6j:/I;\"|MQLڜ[Mڋ7\Zu\r1(YFH˥}[0S>  Є˄?GYu6T֤+XĦ2!d򩸅5a\Za~\Z\n-\r졌 yRɟ8\Z0Ѳ\0H\Z5]ײ\Z]nakȇ{\Z$`?L[;U!tm>Tּ\'B9c>O#x^^n_ɵ;)\Zj/N?*/<\07\0\0&\0\0\0\0\0\0\0!1AQaq\0\0\0?!DCk9,4,WFiNjF2*dT*HdT2J\"}\"ު*2{ےdj>_@{5R͍Aݠ0+ޠ[w,5qܳw}q)=3FD,CXP5@%\nQPOdړީ\"KQ4Dnm[ 3-&IB$\r6j\Z\\)MXB2`b5Fsfj\"Fo\"Qod_2+T]ʤn>S8*.!3>}-qS0\r`ax$`Js¿6ʚ[2U3rѭa)B+AvӘ$fЎ?ġ@d$0Lzl(.RwJơ=ugVNsTw\0\n.7fXj>mCd {Bߤ4q\\DUy;!h(3	uw~\'\0>!\"fOMD0zJC&XF׹_\02v	>.]9gߤ>6zB60_:dK690r?IЬTJ2GHVແ(q40x0{b/[H(pbՑePZNfa	 \0ji x!>\0~I\\l԰E4Jf3#/ISGǤk9hpxmrP\r3\na㥈ܺ`D6Vi\Zb[:\Z.\rSQra	mBJX8\Zeg47u%*bPaoe͋$|/f5hbf-)O3Uq\rLM+ۂ|\"aPh%`vm69.r@kcU,\0;.ô;AL_8$AL~1)E&7K2TYODVkeU[CA\rexdAPm(8bdV@x,u,Lq.@C^``,=Sm6Y\\D6\Z,bͽ!D3YSṟi\0rfn@];iiE\" #7a nfq`׸x#>x 2u!o<X-o[%[X0TF#;nq/zS\n˕ \r¥2]+/ז̫֨{-tśZeH]$BU\r=00,M]M/1@͌7oC)NE:.-qVLpvj㕣MHqȺmnKb2nBvq-FD꘺.Fe´AV\r&8XN@1#ځ:iUqAĺZC0SSVZ!PM-OXc#iU7i \r0,2Ua~9h$ox(\n;\ZVm6mhSnf~%3RNDH1R9j3	jY^&:cba$*aY^\'Dֱ̩\\=\"%|Ȕ\"̚Դ3*Rb*[lTM\\`]uGS72[EʒƤ1@5k3V\r/1Tt] XhfThuPQІ[edZk1ĶDĺ,:N<q)<ۙ@3$jve@\"6 J<pn)b dW9(4@6,+pxUBff<7ĴhŖ9w9:t,WxF,Bx5[s	@k4.8sBٚ[bO̕s#5$Pq\Z\Z8>tD-O1JjI.Q97{,x0Y*wĬ&q\rhe$SU_Ļ\r\',l [ԽIM\\-*k zz1:#jeE~ؘ\Zظ\n`qĬEHDI2zi k̹^PgWJ\\Ыr>L\Z%&bY\rߏQl<!kxA\\6qT:\rel`8.&Mu?ȋR3\Z@^n=,Dr5hxbS%t\\өA:n\rPhbW$b\";m)ulQz6n֎380»\"4֒R#ʍŵOb|T\r&	\"AC{=}rh)Ěyg\":5j@!uwQG^q@8y\'\\vQ1$_\\B	>}O[<7qEGq@.ȍɥ1Xҏf U;\ntuG1-#eZ\r^bB.|UiighHc2\rO/\\Ck,[|9+`+-Li4BB׃Ô*9՚\\	hGjSp(]e>aF>+%\0i\'plfYP%c(C9s0$9KM>ꤴ2+_RˀpGQ\\l[0]o0d Q@j\0_^i_oPQ*ōeږMc}@\ru5J(TX5r?\"\'/1C?lo8irk~6t?\0\0\0\0\0LbLV@	)[6#%s.cB~.K.U0WJɽ%/$&uh\0\nbMF>N̢x?K_fP<s2-PșoB*yS;@v&tl.C}m@@0L\':~\0\0\0\0\0\0\0\0!1AQa \0?\ZlO ݂_:|\rr<0_\'}\'\'8BYa98CcKI@\'[_O~\\0~m~N,r{\0megFa\r{i_oXᗫ6ԎV0S|F;fL6}JϿ\rCPX9.5!JrIZǻ9w9HG/Iw;udxAI%1u%*]Hd>Cv(Ijv߿~{\0\0\0\0\0\0\0\0\0!1AQa\0?+ĳˉpElдpqN]3,x~wA1咘JE粫mvYxXIc;a)#2Amǰ 2-/VN}st%\n@`	Kk~<;tGHgN}}A.}(am㖆|gH[mn<H:$Yoݝy=$9!n%FN	w,i6{%!C=_`\rͧozoՙl&Lشb2DzX6۴}z\0&\0\0\0\0\0\0\0!1AQaq\0\0\0?5olrқ6WɍEK#q(Xz~`G\\iܥrW2X-Q	\rwU2]D؆E`u\n*^OR|cø$RDPe4\"(HΓ!$|&Y$؟d=be\0E1IrGD7_`|y\ZҨ\Z_00_q \0Vq*\\?5^RNōRw0&(=(؋7<Ls=0w&ˁ\"`eZ/9r+O3PdeɔGGqBu<%/@?h1v:j;9rjxaTW29?̳\"U.@YP]]V[Q*(0|K(Y@Po>+J)C(%(R*X}Eb*ࠅl4=%MKǋ6\rPu@^a>uS{~sv%I.%xr!g^r-J0;{7h^I\\L\0DY$%/՞XJ+D\\6</d+1ȾOކ^ӌ5w9QBUeWB}%~ֳXjhC1QӼAEc\rp\0rQ^1\0@CE>\"	vj ҵݱ\0!yE1\"\ZfQ^5\'sT_$<˯[\'WbиwN`U5K]\0rM?w%\n]QPas)8>mcsEki,kX!PWnYrj@\\:?x~Ȣ(7K(|} 1eF=h2.0Y*0+_(oV*P\0kipAH[<mtG&%-`gT]i!mU\ZZ.\']LuJ>5wA}i:2݈H18)],eH(\\\rK]E;Q Q7יfg.bkuJJ36U\0\ZiBTMKPF僘2WR >A)DE\Z.㉃d2\0:Խ^\'\0x\\\n)@oc\Z|WYGbDOGrAr}l\\b<FLMLssOa9<Eغ.|L2(\r\rSd;$sFNT+໼\ZS\")FA|NLb\'3ǫx԰yQ@JxkA\nk\Z\n\0BW y\'}F]ȝAyBk@HE[r\\6.[EEvC9JM۔uK?մ@~`Ԫ!\\\0qiQoDd\'	qy獍h-B*d!|ٞP(Y.V*k-΀E|lpߖc702v\n<:_rrv DׅuUj$MVi#Ά!uK{F*˖*\\^90[CmkKv20>dKj8k\rdҩ:-ڇo E7xRo[/gDA1Pص_Ͷ_3kD\0,LQbzQ;hi\\PFúSP*\n\n@%12=Ax[s~J!p\'R0z/*SEwmXeJER*\0?a/+.:k6^6X^*͐QAK֮,70[ܷ=\rm9lEbPd8ub(@$)*+t\0qQ\0P;\0]FRAjwP]:\0ijZZrTN\'&\Z.G2kX%ɳW\r娈e;1\"Fs>|qTQn8a(tp6篙BC\"\"z\"odZ(mKCz?2% ^/FxKC%`^lZ\Z5DE\n/H\"mS?=peCNn@Y3Oyʉzaو5	<1E1VCnDR~R3}Xʃ?Ʉ\nhص<{P}djuK\0=?@nJF-{XS#ElcF`K)Msq3gѐ6%YuDи>IZ}0,s};^E-a\\A aEJְ=2xbZt)%ʊ#h4pa{[y\n+vJjSro\r_gpjBHWU_RBnjr؊XvWYDPP8|Ql?QKrFG@P1X*qϙ혃B-8WW^=r~ȪJ@+OvBg\Z^~/SR̪\'*KBxegkYfBA#o(ESX-~Cz9`h!rdY\0[f\Zzp\0P)D9Yڽy:\n0h<TKyKD\rLV5.>@)cw/pj_&꘮#Ũ3Xل\n(׉=RU~&D+;<x#ܞ\"@ZUkIyU*uE>ac{\'7R1u-dzj]`>MYnA䋀n놪S+ȱJ[yB\"<ͱ<K[Oi0a`6*^^Tu 1\\uruK.ԶCM?\n[ jLYL\0W)94KB޷;-\'hh#vY~+.GR]h~H\nQuW2A!J_RD07Qm\\!Ƚ\",b]2*#hF`(bJAޠhpy5yXr`-\\7R(]SL#qsm!\06៎@F	x3>d~3@Ii4.ꮀ<O.,^ynS߿-:Ҹ㨀¢/<\\\r\"偅(tSjqkhZ1Dpڻ+Vm \']LN<	Liܓ㙽W7gd~h&x^n^)y]\0:N\\GW~i7լ%oj,YQw;t~\"vT_[,bP><ǫlqƣ߉)~BU\nE%r.\0.E.%U$ofV1D<ʜR^-\0\ra_ʴc}W(.}!H#rŢ\' [F@n9I6qÔN\0\\=vrTcى2\n*`~	@p -J,u[\0[-3#4A& %\Z@,*T8>\"WU#\"\"0^%j,x\n㼺qǾ@RB9YC`8/ 6#ԳWKs9Vu.(֗-AdK]<A>M\Z\":	1|ˌ<M|lHbTsҾ`#!WuqEIqӗJ_#r*\Z총ٖ.!w!\0M/Okʹ<)%Xm\Z=DÕ/LBFX*E1A63E\n=JIBLN<jSf-c8zKµ\rE7Rd^Yge:?QRYsS	W}T\n]i@lIg3O݃~sNx?!L	99˸o{Pp|OYSS\0<_G', 1),
(2, 'jaime ernesto REPORTE_rodas martinez', 163, '\0JFIF\0\0\0\0\0\0C\0\n\n\n\r\r\0C		\r\r\09\"\0\0\0\0\0\0\0\0\0\0\0\0	\n\0\0\0\0}\0!1AQa\"q2#BR$3br	\n\Z%&\'()*456789:CDEFGHIJSTUVWXYZcdefghijstuvwxyz\0\0\0\0\0\0\0\0	\n\0\0\0w\0!1AQaq\"2B	#3Rbr\n$4%\Z&\'()*56789:CDEFGHIJSTUVWXYZcdefghijstuvwxyz\0\0\0?\0,ˀHUrqsZgve2Zp3ye9=).BS9Ut{[k.I:~7jG=rOzJ!s_CzH[2G~Kelxsӡ#7;p˻~fi!e-	Ϧ^HyWI\\؏JDIo\"M\nH`ׁ	UG?3x3qbO:j0pepsǧ֑K	p\0\\dg<;QR{s㊷.$`z?*#7cӶiFQy\'\'̹A1\08^^*rGnOrc1RdW?.4U8˞y::*၃N0X\0\n}zgQ\\lD>b288j$ǐ=VYOбgKnC1\0z*\nB*yPw8i0O?t=8*᳇n֢\0/crqu}9Jq*:r@6		֥&fz`:Tc,0qϿ_K/DVhÒ Fy=R:v,c~pqnnjvRxSrVOf8ہ1ӟaEJ,=@v<{J\'$t[8\\o:.rT.9Hnۙc/pR~pAι\0ǲېן_J5Q)Wmaxs1_JO/\'\0ZIv:9\"F \0=j>=x<pOJ\n\0\'\'^S%\nxlg=>5hnWd@uU:g>&Fw=8*i*ApǠr}ޢ;vsl79#L-ơP1#\'#~Zi:w\0զR 0!v\0L Ϸҫ[+19?7zG&X`O8:zզU~2~U[{~cn~|2yg!\09㎙qbHOzk,e\\e׌\0_)n=L˴n!b\0#IOcVYϸv<sY\nRy\'3G.*m܃Oğ/=qa#\0/?\0\Z\nMF(-wہ`;yDd|7sqV`=~u$1psێŏ,A>UX\0`~F0cG>ǏJV+RNzu\\y[,#>=إ[Zl08 ?-Iv,yS<wVt]H\\!Sd#Oζ.#\'R?1\\2wX%Ian>`u=>lݍ1b0Qۏqv7BcאpG_Q\ncQӷ?IdXwqqʫz{##OM@N;Jc`u$pO=;J*=u\0~8 ZB@R?/jFQ8\0zPQ3xNO韯\0^nb\08 q>)?Jg<C<\nqcIߌqS0q:g}Zp7 ##E1*2\0u9~6CFS޿ʢ=0zzgӯ=T(U0W\0;sT\nU 3j@B~=N3s1׏CR5 C9Ͽ_S֜lw8H?xc~n^lܪ.Jl$F t}ڵ5_@-`ԂzfuK<큸V<~YbYخ3wcQRS3\0Fer1ƣJr	=@s8CcXہPc*)) Qssp.ў3ߧZd<dwC\'37͎8=1{qޡf(± wJ~F=Uyܮ#ǱL@%HCNzg:\ZlLPIyoIOSY\\9ڪqOޓC8]zs<۞\rd*߼1<{ڇeyw^?P4`Gm#;]qo˒=NK{q?ךQA뎾ֺ(eׯקᚩ6U]q{OȭY4ב¤3 u珧aTm獵K۬grT9֣δKNT+\rr\'\\z6y\'$rO=zӏ֥F`N:arso\0]96`r9߷_]vpVe?x|z=i|y3,\\g1;\'c+9??ޣpqT2z67q\0S/V?rs&vs{zTֱ[ȧǌLgZ}vz;sH*&?3Ex#vě\0ϭt;\0YYH]{Nr܌g޲4m`[,!8sНc\Z7YA#<ɾs\\>32ېIzz@yoڞm9NI?51N:\0HͿ8<ߧ5]y+\0?3R1ZM|uyE6F\0Fqc$#f=p1en@8SOaAk]~MG;Hrv`GN?+9^3oZ\\rq<=NNNҪjn0I==\Zk֬#3j?q_qh3\0\0_;S\\|\':ViԦ`<IOm\0suѨ\n1Awdq\0#)QԏOQMeT$N\0_\\\0*hu97Q6䪯C֣ʒ7K{+\0U8=:wCI([)w8sӵb躭N.7NF;15k[E1ܳ;\0֮h6pf*N9>31ϥAl [q8Ӝgҙ$ś%~\\y8tyUl O9goZ0Sǳ1rH=9#9afG[{\ZWQ۟5LHnsl?ڍšt̼>\"ߌ>☺}eifbzY-H=:v\07qz\rw*CX9A\\u#OoSB»qhF~U\0ڤk*`\0\0pCO_zY77N>0NqsP۲U(sڛ#6mǦpx#8۹o\"9b>=h20`NI>&mszW㌃Ѝ??ʠcyxgcRϔf9_=}F+&U5I[ϱ		L?)؟ٿAOsJa##͜Fݨ>3\\1ן=]}@1O>@INI\0=1ELYH=s2~~ݪ[*\'#	}=x9޴0QLcޢÿ\Zլl&z;{\rpsH?q9ۧ^2SU>45@wcrjF/JÎڹiwF+!tzvhv>qMSCiX.r=@zE<Oow2GspÞ=sW\\@N9 3魦̒ąМn	+\0ZbF\0sNARԽ> )\\NLQ4X\0\'G#ִvb1#hO4Wq^F\"XH;y7cO>4:g#\\g(z&7`	\0H~mN98OĠ{2S\0{☺E)\'߁֭\rM~\\zs&{ƟlGd(ON\n9yv20~H_j!ubXzp>*ePxPPgi0d;qzK0Y9;q8^Wc rsR[b?)(^3gON2\0d8*6brPd۞秿Τ^$S8@V^SVq\0G<\0L/. 08<qߦ+OL.n\0嚓9_A%v=0\'*\'2=?W+{$*x#\0\0j8Q\'_QUƑRAۃ/J%r7Qӭ2e\n%	\\~\r>Uʆ&Ө&>	9f$gRF5?4\'yW+kD91%wI\\yrk#Odҁʜ۩o^ƪ]-$F\r*Z\\9яK-be988P3-Ӂ_;i\0rTX\0s?b? F}ve=k.u+VdU\0N1{>|fH.HϮ?a_#ϗ>/_*%n<n-R64ZFIQ1F/Sc{8ᙛZdio\'^%|Uׯc>eH`dx_L\0!rMɳeٌ~)h?F#A-۹Ukzr38s\0]1~<w\\mԤ&7w&	=OƝ̕t<}z}*O(ch#\\qׁps	JbU#\\,z	܊Uێ8Uf9>߭B׃vWï\0֏BܶnO!G_nݿG$݇s:\0=>Y\nA^\0\0Tm6T}q}*n5ĸ0=z9\0J͹IϿU[rNF{cFS\\;JW\ZC.`m=s\\sIj?ېN7޶\Ze1ޣ~8֩jV}}8?ZFC#3rpn)\ZO,O98#\0u\\}-iu$f1q׮k^[LIN:\0:/aebt~1Yw.(C`d7`UI8I3ۂyp{ry=C}I&9H^z*Fp7?e\\xLU%KP%XFG u8?Rnb^8LN\ner_TonC#<:>gbv>\0:n*hp,&iF l\"38=\\|y35!\rL|0?CZFKDz\06==qc\0?ּ>:\rD9;YWo<;es^|1\n*A 翵a:\n=I)r6ANF@uɦDBYHppe-,F\05:uFogp[j1=IsҧYz!ʏ.ҪYmSp	nɨ#ҴR)5f_<ZovʇUO3)\\$.	Ҷmd*N_O\r[[˫\\\09<+cb9tLOjycEQX?w-v?\ZM/u9ࢎzpzUe\\7i`ȎaWϿ;ϋ*pX(Y|HRr@shq)^giM,s*x9mrZ\"m\\<nz±F7sKMI|dz}G5ԝBb9I2$bOC=?X9w|G6}p?϶5Qp`8=9#׽sIJn)Z|m_ͳhcSI.%ݫo\n6˥ʨ\" 8@uPT֯-Zа0~]uM&!.}OSWD-fsM{<^~+mӾN@;G3UYrs`5+Typ>3r^7쒘HI J	\'kˬ	$ov\0}Գwu$\ZtҨ8`A}Ew5Z e,\"8ִ+AZ4Y$\r\02F=}UF);mo0y-!AT(Go\0P\0\0*nFvX؝u9~-ʧBP;v[9\0ӿr_N>x.s!X&GtǨ㧡L]0I,DH\\gQw>*|I-׌g\Z~c}9mPFj$T\0g9V-CyCk6f@B38HEjoDttw=~\\Ҙ׋^_W4|a+$0OӞzZ5ωWyZ7cq;\"vcQI鵫G=\'7\'h|20`W/:,k=8$hX2o]%I%m>L2A\Z%$ty%5thҨ\\xGYӠwq_ex=yfޯ4o}Hvnr	,pMk~\rң9\'[6 F;;nV̵IKP)ZkmnpF[\rs\ZU;!Ԯ̑	pzzWoq{\r3\0_ζbyi\'lFՖBq۵c푿L7WL\ZI;4dc9S.W#[K<VѪxU:<?.KD/\0,BжLJn\nwGQڹ)joj3+2zbnx|#k=;STqi2DS{NNy}̓hwK(` zU\0Dx7-b-b3).8\'%k$Qo`\'˽ٛ 3ҩq3P yE]\ZK\"*p\0${r1sB܏&4# 8$=>ֱuZ:V	g-68ۤ*-@ 2#ǩ)ma\nČļb=R^4zNs\rŽ\'A8[9ʌu\0zS奲׊BͰ灃Vru%yQo;(+HxP~\\lh/aP~sӦ=}\rz-bf\"UF-B΁uOu*Fgog\0._4U#Aʖ@Cr4EYa=\Z߈^ƗiV3=lFYgIuX_F\"w|؎3ێK=BQs[\0	f){GNQ=cֹ\0i3jbIqڻ8q^\r׵%KN1Y>kp6̐Dya7zTٙO?z3N>y\0{xKҵ{{028r{zTŮ9wR>@\'rI\0Gws 3 nI\nA֜b|65g\0`9U=gx;BΪpqd>ou˳ܶ&\0z\\ǅu,r؄(@@-	aZ(t꺗P(npY$#i<1zu5|HB#NWiD#F,\0s{Ji\Z8qG;8O~x!6]ʰ<Ð95ظ>h#:t\nBgzdzsZ)X&S\n\n\'8#afv>`\0}{	6ko/Q29\0\n[Z\Z\rִ$Yȍub]|1\'X#sf9ӧ^9ChG$63X	>bx_|Jp\Z%Xýiެ½8W)dG~x^;,V4Hs\0xKr&o纁9_SXn՚&yiy5j-lV|\'fM9\n6$A	zߵ\0\nX\0\'*xbxQ6/W?U?b5]33l90<!#klJu	(?1V	s~\'<F$\r7Aӽ&YYYV4!xǽRRj*s㾐L;وOzh6nG+UG\\`\0j]*<\'K}ݼSt7M4i%3#ĲoQQ(Yȕ.Ǎ><\\1*B\'GyY^i7w}R\"\n\'sg٤sp\0\n)gN2f:a˱b2z=GcR-Pu_q	=ҤլĚMΜs\n8\'๺mNz\0zFx\'(1ڮ髢yTmGmK;c\\z.O{l,I WAɝضO.<mg]ǧ\0\\:=i$|cgaMyN=pN{J\Zv)է)2(b]K)R؋P@$4P#\0dt?̺w/gP=Ą۵iGp~3jW3ۉn)y g۽y\'<{q\05+P|ϩ\'ֽ;f2Wi?)<	}\0\Z_xzǑ\Z\"N|\'`0Å=>_ChmO3ុxMfd#=+kC#WImK|ǒAF;V.>*xMqp|4m\"\'j8qs׽a0kg-l1Z{u)IknWg~V\0twqڧMc׷3@\0xu&ߦ#Ё^̟^!O;^:>R9S<A;%M<,c^W}+Ne<|pC䓞<}+ҸdiBv,I\0A=ٗ_`+͸o\0/|=qUpPOri?:ZcF<|Uv`׮,@*e}sθ}COK+팃	V\".幁P(A3n湝UQmzOEr[H\'T)p$a6}_NMSdƝp^v\'߽z$VQ^+	gT=\0y\0]e5=ȎXV,	4	5th+Ycj5-;I#\re	#wP?|Zjp` <q{W/0vC\'9##\0N3֕+@sY*q:GdC9x-//Xԯ8 緥b_\ZZMNϙp8=5+Kvo|\0=J,ݴr	?J8n?~wHR0@g*OOҺ=?߄,6yB\0k{cӵx]!yQC6J9i\0\r<?#xMdhɻON=+E2GkVC[;ك\0g>Nm~Re\'su&GXݥ2R^r{uޞkT31>d+j\\}E#Uz^ki,js̐Ixxk(4;e2	p$`c==+築&oq/Z=rz\nť-4އ)mpNyG<76g$cPy徍,C\n灌~imϯWC\'|0&TVYcv+Ǿ![[k\"DJT@$gҽH[UwdG\0n?4׵RF¤yg#;NnOI|:sR?l}d\0EoNG\rU>;_WJHgGPx4oʠlr=Һsžmsa#ojD1XI#O4S0l v?1	S#T\\dm[>3/@nAױTC_*6+cH~&xzcs͈8@+qםbB\"@28\0uYʣvMr%_O{q]VI-l܌szڼ,vlm죌/	n=>=j8muVb=Mj\Z|{=zѧT	j6e U*cq\"Q98ZM[\ZdׯqOVnk.E68p9<Z>iͫZD!+/!\0{U%#\\\\Mr\0w6B\0T7$HaM)^_E[ǤI?iAbZLcҹo\\%D19AGAl+;R=g}z#EhU(cyЧd>dSZHl<:p;5z],J\0s9R]j0 M#ߑYsksW.TGGzKq\rI(RAۂ\0ެL|<~9\0_B{gWT>..sH8SOٻne#}?\\_i6aF7$\'~PpLs\0tz{/ůxwY|VZ_RDu=qM\ZErA㎧UdRiw?\r_k\ZTBO}(H9&␘rusu9>~64*:HNQ^g4rX<19<==c)I=\rM}X-ۧ#Zr6OyO0Լ;qyA09ʽ[4jVe-AQ\'g#&ymRXmAq86\\M<;~$IbUݥrqUp\\(sWFK\n٣*$b\0/階=pֵ)ݎYgr9,?ADi[3t)\Za3r@oI`/ɏgɽ9\0%Mnglc0Sckִuc{ɈDlxrA>#y52JKDyf]MnV6	\'1+Ζ,A	ʢI	f\n3р?^gEӣ晌\r7s}=}\nSJV[YZr\\Qud{sV2f줌8QF?ĩ,jd`~\\q$.m$$.?\0ǑK\0OZEnzy1,pwmE*V9OZŸ$n\'w.Tgֽ+Ot%YS\'uQ\'|_mv\0>dgrU<úǎYk%jɉ#\0zZfY*G=qh|aYhT$!#HL\'%OU#\026}1S)SzyFIlAЌv\\4אI&yWux}ޠKG\\idX1W2:`捺fy$8(LA,23ڜ{(?yEQ+Irxs:?YXc\0I=a,m\'̘^RUn`ѷR<v=q^1gsNVgM?qW3A\'~hl<1)9zgsz}dFLjІpT#ڦoxMΰ[#:,)\'>Z|Чc\\:ˣ6?4lrxH:V!\ZoƭͭxmDp18{_ڞ%\0\0Zȹşo݉b,G\'#XZ+}\02\\=9=nS9+p>}=>Ȳ_\Zu3cSp1	xңVLPJe7`9xJ8jcb<=הC5ڌA[\'\09?#ڞj\ZPc̅$yӰDf]byy\\.v<5H0En>DB89#\0E(ۇV0KcZaNCL-\"vsǹRV<kI\n	U #kд3Gnt޻xsO]:x>S!`11zt<3D[Ls9/Ec&ĚnVʎ!^}?zW;障6BP)s;3qu8>kB?\rŌӬrrrĀ>nbll|6k\ZB7M\08BZs=\rCon.B|9Z7\r.x	=+ֵƵgq`ii2FqH%OXYOʴKt<C\ZCKur` ݩmeHLTO{c%-X,{zwWcL$JyPB@lr1ZECKº^=M-լwkPJz]4ycDӢb]ݱI׏xWwV:xXh.J\ZQ\0z=2\\N±fc`PJٹ;ZC]{I,Qn2?ϭy ]%κ`Kun㱬oxoWu}&>KXu?BM%J(0	tqPzmlP{VyV+Bs<oӭ`x^ HtFas-7}3ʞmPNo<9,\nqoN69v1#N5cJo\0as{m>TI>9|1oFqpr}=kĲjYȊc=~vZ?.fV*0gON#Z\";:g\0Bq6籯R惡XŦ%-Ax8\0\r$\\wVs?/4!A9#W-t\nIb%-I\Z\0ǐY^S-K\"Ja2&AĮ:`γc)#dLx̒ylfSLF{tPgV>!zfrDP)b@U8bj>\'34#}s}}ǽx5mzi\nP۔nX<>^g-}XJe1=o4%爴.z9<WDyN}Y\\R_\'B gʷfo1a,HϨ#7\\M[m~\\>Ԛ1\r!\'X)j\Zco~$ܺ_4\n#/pŔӓ+MK7\Z.v~P9㞠zUnRo%m̅ ^îGZY%FU\0+ru7]Ae\nἬx9\0I,?9mo T,vO<,˖IKZnU.+s;gڢo:LCjApi\\mK#[<!#i$O$8HzYxC\Zil%B#o\0k<;@KP_\\~fSq;1ҽw\rzRwwOjOS3cZPw.rzL1ǽmm6(م?1^{!VCF.b.2G^ψZ^ZƝ\ZfrsL~BAô~nvbwoa߸N3%쎗XHH 7m|\0sۗއgmZ7QCZYb.ĀH5?l⣣f<Gk񬳱SObQRizzMġ1yWhkc훠6ʧ=2}1V:..bKLBcvA+T޶F;H|B#A,7}	<$|G׾CoLzozbCd5w_m{w\"\\0EC.M6]8;洵k?LEY%PYx\r1$~U|U6pNc	^\0ƺD[(0{n rD쏞l^DyKs(\'q2Xs޻ǉ#HB1Fyh灴CO4L񷈴-Gڭ%c$mn#Sޑ&nrk[]qse\0\\J\\gIw_^!v۰gqӷ\'!;NX=˲]Nj*`wd{`嶷2b[7e>pϞUx㷸Uv\\XGp~Bp}F=\ZvFY]U:۸sڕaxa1̤);gb+\'rN4|ik$x1ӽj|\Z5~r=:ީx{\Z]#E^:\0r][i:˨\0lۓ(M4gR+Jӗ\0z~Y.GjW@֪8!^M7օn@q?$/N$aIp1쓖>t)II.QŚWCDԙ\Zv&\"8|Hp[xN; Va<<\0;dv]7#i\rNY89k߈k{H =V^:d\0/ƴSu҈KyK:qp=	k?iG#XmV%2[89;WnN%OFl$?\"q\ZHF↷I\"u;d`펿^үGRx-m5%3݁:-E>X8A8em6j\"zCxėV.ٙPy{6YIAע;]`Em;RHՖK{\0ru 92?.XJ\0b~W*_++mcoDt{$	(:}H,+L&\'׼LA@#ߓڽ5>@]\"qRʊW\\_}۟[SjrL)bT!z;V_ʨu*#2OQ\\$2IRFrwzw.st9X^sere׹Jzǀ	+>.lbUg!$gqtᕇ̱-f\n\ZI$1E曥ə2AFO*lC~mm:\rK\'*0mG:D\'\\ԏOC7NY\'v./N8Ϡ&l6ё厞.*/D%+=崺:<:r-357V\r4;s2ZJ?}ez3Zͳ.nXE%$RyK=qݍb7ÛiYIݕz;_Zn)FXt\rO@}q<WD*Cg_Q^YB߶1*-go<8!-z:\nm^\"vvpUW{ݽkG=\r2~=xz}hlnF,`o\\+@%\reI<{$nͥKr4|O#Az-QwӚ)`T\0O|u5N2TQG^t۫{D\'`9Av3۽z,_\0v𙥍ʍӧ^U\0\0\nPrwljCO<4L}rOz-Wsy	{rCnJgz&w;ּ`wv\'<cޔmU$}CkIn%_w${{wSݮeawy\nKHʀ1\08.\\°+2?ׯ]떫TyH94^2;Zm{#VFk$VzU^Ke\nW`<?o#L*ˋI&EYH 0B\"R*\'o!=	BʭA\nA\n+4F;g\'sWu)T,[i!=nh/l~o?1NN}(݉򽎾Oh \0hWao1Ldb|\'5!\'9k]zvY@gr=+:浘\Z99-LF\\*\rg?ʳuh-6E}܄߶3g<mI_;Į6ƠpHv\\([^.o}Ac\n>wm\r\0vṇg-F~,-E1j?>9[\\K	;P}ztpLAiGC]icz\\9u\'\n	;WG]Y*\"%K!1$G\0ּ`;h]37?Ş;Nyx4\r\";nTs=Gz^I˩\0>Rp8!!F2w\'񖽨xV{;$/-DSd,3/ɭ9,c0*OЎޕwȦ/3!ˏcN{WM-YNO*\0:S~ϘE\';S$~\r9Yc$cRF:ut꠬k㿿OγrKr]!R<:m\\O$*?C5Sт:u\0Z=7WwGg1QSE\ra:pFF=zZK-:C鏥hCk/Hr9a۝6m|(F~<E.Wtq4pܤp;{F;!䞽sM&$PTs{OG)٨>H\'iv\\l־tۯAgx\\\rt8BJsj|gF*W-/=\"7{0+[)F?Cg$һ6[A%Ocx>.aF\0U(NBu$pqowo)uQIr{Tֺ^<OLL-@9 OsY{I-X(|ݦO﹵h8\'iۦ\0*+qBG*^(\0qfMȣ5\nˍfN6sw~=rba|3LT\rdhiZ2Q1\\[,ʦcRHIitu$EGb8 =;sZcDˎYUUF@PN&<gܹd༓4<:]&P!-NwmPFAM\ZK\\FjזxO[jHt{9tE1dw<W8|ag>s\0zAn(I\\yu$yi%%s߁z|Eoihwm4K;\0\\cc9ڧu=g,lcW3a.<E{4LgXq׵\na]v(=kX-Bd|G9\0SO\0]-6mJ[x#S,jpz!půUy]g\'h+Vre\'#Jq=\0iX#_ʹ?{(\rF\n\n[hUZh	:+vG=)_Go\\Ѓz:.(\"dw9ϸ=x>\0w`Mڤ^D[R\0§fi.fyFNUTqK_y&x&icrPj5+9l\nZF@<T!@;zkdXdҍ*dS<j*m1QaG9(Ae$c5>Qt{y.Ő1lБ\0󝯇%iדGʂH8$t}3\Zk0_KH&E`T#$w4I2Ilu\Zdc8rzu\0ηaec޸:\\K8`UATlD$R2ss{2&eyկ\"\0I\\SLt6{QS(ezϝ(\n@-ghq̳8dGX-@%{;qHKOs$)Aa~@qVG|guGC	7gbݺ`VTԘ.̇W#9uɫiwvH(<M\'6F֔i┗C\'^0|)X3[ڙ<rW\rzk\nZE&de	p8[:_FK\Zla.߅bGkՃT3I$!l漷԰*zzPu)Zf`	p\n\"{ȍI;nQԀH#U`T{H날v\0\0<W_%\'ʏgk\\\\Upso]΍0_*H*XozvȋZa\\~GhJ+c6{44dTr99\rt[5@oBI=\0ٱF{p)$_~خOՖ}Z3| uk99ڼĿR9H9Y0kꋫ5`NX7Jn*QyYC\0ezg7<B\"x_o}Wi;Wq^+W\0t<g3Lqs{a}όk\0G#?y׃|KwZj66:R\0R9g}u_Y:)!r`pH?+?XZ!,n={\Z΢>0IojZs4jt<|ku?(+:P{KHg$q(*2\'h]KdI3+c;Jѥ\\n[\r>%G\0\\f{[O}kSp6BgƢ<yt̑vO4nئP@=8tvn巶9R9$1tڪɫks^f)EU~|;Cc-2{;ć~ӻ,\'\'9]Jğ\\uUx金YMjdۻ\0v^YofnKVIVf\\s֥JOc֮~+hv;Hqb\'p0O{AgA+lv	!=^\'\'u95$2y?Z}f+y`d%kKm3F!@>--繰D&~SʂzVƥi[`#*=\Z}uqO~1X<w)~*I$sij].);z{~\0?2\0\ZϏw@S\\JaTF~;}*3\0?\Z\0\0gNZɿht%O_S_%Ii<*Er8nO^HBU9)\'o|u<y!pzLiw:\01MoKq40-S08ܣLzzWMy6+M$t9$gu5>:L\Z$ܻa%	@R?kvp:v5)9;3V=B՚GȽltLZqI4SFDVby\'c]Yc602ªx\'#\'յ_jZ<HdeHdQ\Z]nc)yǪ|H՜%բ;WU\0QZoÖkgO8XNr:^<c#$;zrNGn\ru=/ًF,0H{랔8vz#׼Ex	IC 0oPiv-o\n34(9,L5a^G7IqtȪq7lH*T*ʻ$ܒr8&z\Z	5\nIǅ!2A9z#+yevF2<ǭUmc$e.f02G8O皶tA2HAP9Vz\'tm{nSPA[#G\0Z(I6]);zWa߆>bePfz;\Z[iwGۍ|fdV䮵2Hfu^Aʏ\'7aN}H~T]e>YR2HqOQ_#\Z`שR$jzzW?B*3uVm.˂\"U@sNv\nI`qZ8#eoQKAw)nYF7pkfxd~FH54}po9c8v0JwE7xV]<{W[-3*tҽ\0֓OQo?y\0\Zžr?J/su\rBԪ}3zE3\\-?Jⶓ=fw^;H#O5?o^޵Ə~8=\'?OW,<\\<к4?dY@R\'#I~H<\n9#yi+1~cO\'ۨ^^85y-L&m\n7-c{&>g6dʬw*ȕXʒvO^\'8%]r:Oֳm~6<N%Y$`\0GE_ۖGC>e\r9{_]bn^;NH\0qΒ;>U.+9\'=ϸ=jέǍt\'Nv:\\׃^m#oX${bcQDt>VYY<Ivp2B\0+#ǞlHXdaq(\0I>\0֪Iմiwy$40Ɵ.,}	^&鼣\nx2@w7i/+xKQxA\ZvI#ғ_swu͵\rBe!#׷|N^ఞO\"&u^y7o:z˙<~՟2JY/8K\'g,2x#\0D/+J֐]JNU\\`)\\\'ҲO_ʵS*}3%I-&Y\0;q7I`\Z&_YI޾%VKy#RAH}i.5s1*~:ui!P\'orJ\\dcUSk+ZFd8߿y,~HfeM7>OC\'t}9=9\'nzޢ35\r4Ր,TSp;һKY&mg<\\uKg~mqF9G^\ZZKx@e 39Ƴ2nؿ\ZIE\\,B 3ڴ5D\"@}s^BxvUtr;Ti0udVIm0lm9<Ԃ*7{<[OZ&ژIR9w6@#\r1nպrnVAݤpK&8\ru;6¼Ajh3܂*Oozi\Z8#?jB\\qa$3>{;]&rB\n2@9j卭k}b2=sRmir\Z>[^!`\'9#>ֶ0vBsd`\0OC\0	>fh˹6F=q{w,Gtg`qh?.29JE\rql粲HM0ǮA?<\0fxv2LJ\Zŷ>5q d_.)1={_Vp>ʠ:qWEMbۅ\\kDp=:Tj/|`~وu{0q9=+ӐILzsyIu\Z_d)82zןv&ڬ̠.AzWxO⦗[]Iٸ233^\rl=HQ	sU(ۻڲ#MX\n-W\"vSFѢX\Zm9/X-D8\0q޾zWY=[fRB\0\'޵N;$rT\n+S蛙!9>bǯNx6o4]*fM9pOu?om,d3IǨ:c~{伳nA rI?Og,\\#gYIE?ys;s\\/tѬxgPѳ\'G?Z7#ל.]\0Wz&MGLY\'\\K=~irN$JrZ7<OUS\nɹ%\09//wWRP*\r:;\0𿊼\\Ȧ&\'}+OO;txaA^ABJrԝ4ڂ >˩bPnڥjCϷm#l:t<2#IsoJ(-yE]U\nA\0Iʛ\"#ƆǍ)/N@F㑃ֹZjk4Ids$5ⶽ/ⷙ#c9f+3q8XzDq	`mA$/N;)jhxcC}֤xYK\"\0\0Q^y<6jc`7Ps2s>ڼ?u?]Iht:GFcGp#Q۱:IS*HǱ:9N|ѷ=;TִKGXe1O$!k?QxRLY`<sǯzfּswܡaQu׿z_Skd2sAh	XvrYK+-\Z=7{\0M\0}<[$Oo<\'VGY_?{ڞ-tzgu^\r|z~ʾ*.,m#YW.A_S&ϐw``qH|sOđCw\\`d88r@?i-avRE~(xeNau\0kŻ=r1׏@8==|Hr3\0Jk\ZPnOZ>T2XHHC(HnO\'=◌&TG֧rڪ2޻i\\mW0aFLMiQ	Va^en5+뻧yon>a\r+`dgנJɴ6)\ZA\"AǦO\\+qq\\#<lڽׅby yby$>S==UBoVix6I}uq0y\Z@Y7(b8@kд%\'Ii:nv5ʯ9uZ}t#\0w5*5Ws2y)(ْ5\'9*5ޝVZM=\0nFc8ϡkSeNqYvQ#r06JeКtx\0+Dk+]71OPt[ݸ>z2\0\nx</kVi~&Y瑛lr)hvלjYxON	\'ONajy\0>x_ŞԞ;/dVX2\"ԃ5􆹬?MH%8,qk5mJ/ OC2pnR\\9+5?ϴ[<ݏnof;oj^!}f1G<uOR[κ{D+N@F?C^^\"eK9(28*3?`u?|ѼYK,d{$X5[Fс[˜cWQ9YQ(ƞoJXcN1Z|3:mMax&7 qOzE\".&i[Z̮6Alݛs_M\rYr+P0<\rA:ZQTUGĚ\\p_ȃ\0n8\\w\0cs\Z玙ιiI)`0׸#b3sGƛVgͿԞEV|z{\r%,K2\0O=}!ijcMʭ0k<.mjV\n$\'pU,	@}kң^*Rz|I3#h\rĳK0Z2F29xPwu[U+RcM	ubs`!_LB4Z}kmX7Yh` gh-<,|?ZǥřbRG,l\'w:y5ƁkKmuТW,%A\'ֽN\r$Cf[n.x}r/	:|\'ԟhX46\0wweU6v{7k39u#4Box%\Z]is!5_-c#xnEҪqsؒ\Z|_	v[!{!2f 9$mӏz÷)yxڜRY|#m&:]HdE9{<+i:e\"K@\\G?yHOy\'1`4A$ɬ[ֱ]678H3Ty*KLHt\\hDcёr1?d5?vpZ>~A{YmJRT:8 =*yU$}i	P\0r$+\"+W%6VqŔ@`2A# \0\n]?wΉnc+y\0r{V\"I<6y,14\0<WoDjEǷzoٶ\0ml+o@cu\\慟KrhRF}3ۿzdgkX㵫UDx匞[rdgs{\0f\0\05y/l\r9wCzt_Z\'?ƢUb[LI`cPpNߍ|ᴯWd!I\0?p?w\rA?J/ej)1݂UI#>6][aiY2>b[?*+}\Z;FzqIaTD$\r\0aV?/&_)@3i stVש:\'R|n\\@;+7J~|֏d@Au\'ܕU<I໏\0kt|9S;#ݕ$tR܀N}#+FpuI߰E%m&9=IN_z?ǉ<3iۍ.e3[73OxM>wm|.H^\'Dwzߵ\\ۣ#ŵGBO9SC+w˯x6Gs9<Vl(&eY^x?z~<i Ӯ\Z}fP11O<֫ZqamΪ񜓷qڡh3~!x5Oz bxv;5Z\\	@,1Azv=Fiodn0sҰu;Ŗ1_5M<caY]Хf̯Z7kq<|*=7j\\|~7gPp~iʰ.tv;GW$c\0*9g?O|&,zNs+KCtgx7\\V_-Y\\O7w.Gq_Dhj{ݫ-\"H|»dgfUA=HSӞ	iE3ާRU#j\"9\\4.䁞;\rzF0`H#ڹ˵,=ïY({Yg>VZ%HA=[:\Z;|ÏJ(rJN;b9]f97KX\0NiJev7&$8}zVO496+wd\\8&W:ڗPxAI	+]jW7~s3Ǧ+kH7(nކ<xU<qҰ8qFKw~=*6eR6W8{XRrOͼ}w$@xocj[Ksy)d߿zo<\ZMە_V$}k4<b|Mg9dVIv_׵?Sͨ\\\r&ў1;UK\0-qF3n->^:ؔ3(X,$;KlGë\\~\rqu?J6uhY,*L5k=;GKMpXb?V\0k%hvݺJ@\"!ӂ&y~Mv1<ۄli=AN!6 5[F\\\rh^ףO,%[3@Aj/\0鶖giKMF	q$V|c|;aY=1)갬W%e`1Oyޗ_.iv)-2\0u;kWND<(򙊨 ބT\Zw([y	15rBcGXx\0\"5}$dD\'=FI<篠_K4a]\n$9}+o~=*pPr?v\Z*_\\~Uo/[8LR0I@z0hA.l4b\n\r9pqVH=s)UuךRyl4\0a$z,O{<`v$*I)o<\'xKVY͙S9\"yz>{KSDe@׈5XKXf\rA*W91ֳ=sjVjVХR	@BvO=pJ*&R<WMZ(+cS8VwˋkuYofF}<⾇o\Z]\r0fU	7RHH\'Zl-%kH޴SiY#ny[#cUPehB$|u5ׅw_[Iw0 `c?ҵ|}u{*+afb6IF\\Ҽu\\}6y\n|n^==[^OQOߋ.E*g~ZΕ/+aOBF\0;?t_\rooyI򂑆\0Cw$\Z{Dei-Մy\0v\'\\m{Dm	|+t94?(?ʜyq?ڹE4k=BDiEo\nVQi}3qm#9w%o3gHmGn @eu#O\\	u;df\0>\'Q^op.sE3@###_prZ\roulgOVXl*Jy9?x54=\0\"[Z  Pq\0\Z5Tt_Ohm\'/PN1(;I\\,5\0EIC_=p+Rh_, Ҽ+\05{_i馕\\>\0H\'ڻp6\"UBt?^G%8wl\'p,N1ߏoƹ6K<?3\0#w\'ףF;+hN>5c=\nt}h$X$fۑG#$rzwOnZ1Z\\o$JuU}1V(Bt\0NERYI5~isUz\']ӕW+*S+Ќp~Vbd~WM%Zȩa?ؤ`$>NWkb4\\?{$/,6=\'Ԃ:ztͭN8י<NZJ4>GZr\";Y-5I߭8&51|OʛvbÉ5k3T!@\0#Wi>plӭXVo\'0xs?lh;GT\0.2IS;;f!^Or OS[Wi]]7߷>\0\0WZFIMy8F:zVu=Cߴ#GO|3jmlE0I|Xb](<m^\'~ǚo-qV(rUy-Oz?\Z3+\0s1N;T6ůKn7v3VaOmZo\r隕Is+3;%${H׆Msڳ#_(`<jy[t@t\'9\0<wV nw*p\'jU/k8[ťyD5V蠕o\'Tc>?gӿ\09\0\ZٓF֗enAӠ+g\0A3\0VmidflcOGҼje\rnPHч_JOU\\s2;˰$;WWTg|<¾06ic\\ƾf\0\"@A1ξ+Cr\0ھUTBC \n`zz^XZƧg4f$(+1#<+ӻnǠ|VSe!YB\00\n8[/Q}jojE@}I޺өiwfo2߯\rF2_e|GQs+q~t\Z \",{0s~o˚|#cpx9`J7\"v=qڼa{{B+DMS\'GFnef&	o\na\0sܐ~aSse\Z90>frGwe2}΍ǒY?;\Z?VG)sfa8\rޔdص潋~܌+zu\'+NٲBgI=G}]uF%%;~S C;Ɍ+C]͹XV4PU[y1EqtMǖL-\0c=SK<\\RHg߀:\n-7VUnl$?2Z9YFN,I\0Fz`⻿kxIdI\rA>>=bEM㨯i~NwZC$g$P1ڲ(3;TW=`^uKˌ)/O]k\\#BBǵ_ʱ/aLY^(PT;~1*aCiHSJFݼ\nLdu|$@s\nixDMz@2B=k;r@\ZoMNmݘ7X\0I_ڒE`Bp\ZmgkvA:v-=3Y+4k\'=G{a\'ls>.pcK.8 0_Oj|zsrʮ!ɨoj$1*\"\0;\n\'޶uKG1\\2k2U@Np2pO	oB-ٙb&g[6v\0\'8ך\Z$ݎ\n[+4K{46{c]\0>p+	ck)Ysȿt>bn;WQ\Z>2gxWmsL\rEUR\0b	{M[pN,rr3ӿN@мEwZe+90A澓_\\2D\"U`ά1Bx~%9컭GmJ@w#8<=Oq^GfmP^yagl`+[v %_9\0y_.Zj&b2@޴REZ}c>@ZIgkrm]prAϦ:\0}$g$=?޾u>LFpp1دjq÷Vr	͞i\rݘ{J9\'\\ct-N4Dgc=\0xCȁ9e;wIsߵi%#h ėl^+{,w<č$v֒$3m*\r7yBionC3si$c=k?#\0_\05RbW\'W1m|J2.9V8eqǥ{#?6?^[7؍R:0\0LSDED1\Zl&\00(y?]Ƈmo|ArV\')\0u+4bI#d\0\rP+~֚ݾn2Ƭ6=@*?\\\'i\\휒mXlPMܠe`G\'X5-Ow3Ȝe;sbӷm6߳wקA4\ry\"$J8\n^ݱI+եB&?VʓʖPKW?ksMujw0iO3D\0ǒrAl\0TmkmCh%E9n9RqԞiaF7TA95jRIjQW<8yV4RyU	!0}3lˬk{\0\\y9{\\z\\|Drs{c<3PԬl[\'#a,ʯ1c=Am{D7n]\"I#y^\\OΒ+OqDh{USbȗ[yA$I@:VxCHF$heVIKq_=TI-.ಒo*@˿8lp898:{G|cs˘^-\nl\r0Fqۑ:RI=mBnr}u]G\0cTH\0A?Z񗏬+N%LHn3UF\n0xR=	2ӵej*\r*A[;|mГHOq11Nk1ZGy,dv0YuBtx\0\"\\p\'p׵z|(^MEyp2yISv{AȞsᶗqfJ_[2zOU᪨\0G\Z0pt.\rڳ$?+,[푨xF[3K6|%ZLs(Aʼ[thvo^q˹DuʒBXrNX`j]eHt[±P<WSfۦ*s5vRc=ȮxMsF*moV\r\0sZgtrhշ.A E`vn$\n+;EuwЌס_}qZ	>3x,[88a=+>7?:i]3K2X\0ؓכ\n\'hé\\1i66y\'R+bSjꭂFA\0N2YS,3f{My4Iiqݪ0OU\'Jɴ׬o&=VyKWH~lz1ÿ~_ٵk]O49z>Zெ2Rel<1=Ga_+ZԤ8?}^,_^yʫ1!==+~%mBX1WilArkfүeb_.x=\rQUH,f*Pr}OzGdok]*5@ŤN7N	\n}Ev^mk>0hf/{Yn-b20O@W9Jxecn2rHsQdhc=\nM恕.DLUKp[F37,1?{^{k~l A@#>Xw׷n#c4sGr=yt%Et;k-k0;[vo]}o/<xFTt2{zR1oRF|BO!olH~#>0]|#	@~Luq kj꼏$g?-7i\r7MQ6Bd灃|~xòh:W/.0X|2=k|-?C_eN0\'M7|U_ f9<R=팯cH}7N7\nnlߌHt\0\Z򻟂Zmͫ!*swuTERd:Ic>沍:ke4+o4R_>/psҲˈN!<Aq:Gôݨd!\'=FOc_FhZGxTK``nԦ.-a]6\rF@Ḅ\0ltzםjAA$*(1 ~5wxGZiZ\Z\0!T3oҾaoo+Gci·9t᩹+aVi;\\w妥o\rĪg`0@<^ͧi]du 3zvtK}5<LeN\'uౌ|t`\0OR<,Ԩ{jQnEsE`#%@@3WxOm\ZwܦU\nH㏊}/t $\0rHk).m3>`yl\0S~yxجM~cn58ӧdT\0sח;d.|C(f,<:);&GL2FY0x?QڻχzKh:\r˓I`2:\0ξ6OQ^L/{$v <ϧ5\0>*i\n2X.1!\"rqg\'<r=ţ+xR3˿߆\"k{YxcWCIH1ST=T\0H~cGOZK]54Kasb6!$>q\n=3ǐd!<L\'Nm#>1J)m&4]oҩM$JH8ۭdxdV]rsw&c=ɕ)-,z+S_RXB\'\'ˉTVU׈)m Y\0\noG	$nT	Kb\")nlZZ#n~k~%O&N{>+J$pǓSZZ}7\0y7z8\0\0:tE.mԭ*y	H\08$}\0#k&ːw\0F0}q\\ɨ^q7;$d1W]ci\r	qǯ~Ôxx~_U\")8-}qݪcH!	\'s3sZve^xc۞}eϖi\n=O^ݵ<H%b4?3|kJ\Z^7TLv~bu*r c8s߷5\rŻJ/rҬ8ލj^XT9#u%Dl1+\'8	Eb|@<&;~? \0sD%~OsןskZ?qYOLIs_7S]\Z3קOHtci~|-:<tȍc&~C޼x~TG{)|m 8V^75.}d8Ɍui8i^5hچ|!hRʠnb[A޲ciN苲9zc?lkfey+sHA8\0OZdukV\ZYLA-9<\ZOIhuƪ{3м/_ipLb#xqv׿V\0\0\0~k˭~F4:*\01ojMߓ\0W}\\sT\n+	<+&pMֺi go߽bs>98kӖ^sV׌Y\nơcct%K[Y]Tkmn<C7$[mNsׁwo\0MX\\\rӟa}u4G&Uyw2\0I\07=Aob_DpX*&ƑOinn)H\07{C\'Q[>	|E>W}̬a{֗K07>Tsk|	6t>ζ8O\0>ߩzgt2;>Fyۃz{\0;zѪA9Qe1RQV8?Qx^-7Nپru4aW8q5\0tv\ZK)VAȩp\0OQ{\'Q\Z,V$O=5.Y/;hjO\"T\'\n~R(*U*M92O\r|Di#E+y!˼N[8+<m9f🊣F1G6$]\'> {c($y,kaҽT⾏on3\0Aֻc{C\Z.׌OhWߟrf#sq:x+VYj\rpjCW-=Caue\noIQ<p?µIh_,|ZnSHv~V*@p]pDb&UsH_؊6\0?+d	r1r3II7=Ke\n\0q^=^FۤVG*vӴ\0s^έT;r3玣{ח\\dmsz6.>I!k:%]qW}a4ldڳ|_bǯ_=?=9;_qӒLc5ψ.]ǧץQo2}=+Eԣs{S\rJ9s_Gqu{V@q\\W|=Fßt>.R*+S-\0+\0N؋Pyȟһˉ\'?y7ċlbDol(\'\'^)`835B9%\n9|?u2x$2=*Kx;Ѳq9Ojo	P p:g&z(?MNL1*\\Tz?2@GYQς~=?ϥPˌm2@8?}jwf}v(C>~ԭ#2(`>ߎpF>FG1oJ!DCcb^RO.|x\0$.\rF1~s둊o#	g?0Nrx\0\nuǕk+*0R+\';~Mw,^y1W 0R36:eH;IlW`ӟҧlRyN3>ͽʰ\Ztvsۺr3#)GuZY$zkzr](pJU\0F:¹N|Ab@=\0&|n\0!8䃃^}\\%*yӷ+9k^(6Ւ=#u=GcX\0\0y\0tͷb[ cs/2Tra.UϹۮB#9\0Ys19sZڣ,Ouq\0Jź3OG矩ڶG:!ug\0t+7Rm淋ڃ9NsN\Z{\n[FI\0ue|Iuk++ruF֌u#IyN[8ת=\'q	~۫,~&*@@z?}kaO\rɤk\'Y 2mf0ne;Gq^j<@byҾ95R8ϒYxGbX!Ub\0wT4ص⻶%IYԐJ_S\\._BF/o+##s޶4\'vPb>lzzƜTRMzܱ{sr9bH\0W@&\'/#h%ԞֱI/vП_oz?7GiBIg鑂B6m͡/C_ϐzg#z{W7\0n	qr뎢p8䎃=\0t><CރwrG;z52n˂8hvQ5ݐhp5=XzZu\0ģrT dzkFv<\"\'VX#=pS[D,3x9$zKRjF#R=:㦓b,ώ?\"l@Xϧzv8GhD[$`{^e[\Z2IyoprG1!}}޼Z3Yt&=0R1qq\\ݻj\0Hl︑?RzTmOgxHHܬ	Y@lr#z[^Uw_0cp# j>oMbXKo^ɲgWg#^?hu	[jzvm+)G:cls{)>>	#JwF$Һ-f\'/r%,OLrF3QkmDm_f::\"~(1\n4lc8޴lvG\0?ʯ3\"\0}?.Oxn=T9,?/{V\0Lԑho\0A>^.ՙc6Mj;B\0kƎma8\"(b9rH>;V$GgӧSՙw-ĖN3;s;mqֹxx>M>;{$GN1YoKq[yv\\ǕO9\0댚i5ΨXyZVL2%s)~9M.masݾ_\\5`ѵk	cd	KqM\n:*1cX}Ba>Tt <}zvj-V:%}+,uhIoVC9nV=xq^s꺷͒D؜p`q}+L,#%sֶ5/R%O&ݬl$ra9L|c?_&+l=2?%UbGt[㓸Szr	[(7OZHe\0~R	}L~ns˞&(FOpCtU;dԢtc{X\\onV	wnf#\'FsԌ#Cy\\>{QHpBGq۞^F-f1\0\\ҵbw&ف}o^Z,`0c#q8[\0gok B\'a\'9l}\0>(ξfu\"\'7FʜYW#NG\0ػg݄x9bG_p\'\'g?N}Ot|H~\"jU#vʤqfOĚ]k*	\'ΐm;1}6>żO}^zV#?\0I0s\0GLנxna}fyE\n$Vl$W88f5ƻ*TߩOO:w2/ASjX\Zo<nT2<9\0=|.\n(7Y9qzW\Z֗M;G0^2OA׿E[CU>\"X\'G|ZeNCǧb9!\0&쑒?w\\~~$F0rGNk+%+شEN\0`19={\'`=>={Aw<g\r\0rq><BY/\n\0gV$mОdi+)\n$\'8\\heTӮqiA^yc#@{m\'+fx򷞖J<yrG@@\0?Zíd&=G^*r,tՉ;[؞qUJ뎥BFI\0:\'L4>!Y6739<?Yaϗ?uz\'nn<ֹ6©#S8<pG:};O_v2qgOҶ\r<GK\Zu6A[N8[N1jjp:Fm;@UؾmQd܊7vq{S5;UP6#?t<|X7	:\n6\"R}OMZԞJG\'H\\\'-$6!1ftJm2-Hq_S޲u[3km| MU::\\4;!$?½>*3kw.x<t۵s\02QUYg\0s\Zd6hȠ`^ּ~]KIh0椙wAA?֤Եoj.spϥy`p)W1ۜq_z<EGR.v$p1M~/˪a>VS<QկCQ\0H{Weزm$\0޸}VRe<l.#;Wi4V\n\"\0 \'$8;Mdd-pSVXXrU\0\'\\\0ծc9s4~n2FsJݵ+8nI 8?ʽʜ#6풪pzdQ֘*.ŀO8 d|wojI[)s؁P$koLf{9SERˌ9ǧzM%C\'rs=s]Y!pK.O=?ʲdhﭕGG\'v\0=5<chӕݝjOKڡ՗t1 Pa~NsךRc 2sǨ^{ڦE\0\\	=9T\'iZ H6i\nF}]U7aFOLt\'EN{l[Oy+nN\nn~ː?\'N\\/$ք\rXzOW02slp=ڔˇC6\r/30u#*0pxk_OI?CeWx<;\Zo\0TKRgglʡ,38<Y}ykcOImp4{bpyx=\rlZˤۥB%g$=\r~uúzA*埳åۤ0bqӮ?J<asM\r.R	\\֝޵CCF\rGW){e6ˌʁG\nT\"\r:S\0ZƑ^Z^y8+:~?q1n\06z7qn5	>nECv\0#fb;īp	\0Ǯ1suQUud4m>3##>jVnF7*Gϧotzm\\UDCmzu?:Dl[_ƄS8zR4[l;K#  cQAq>ryq.x^U]XT2#\0<uZ6qzJmwVON\\\\&1\0U{3exʡ=h%R`c<=?NWh\0*0:x?Z)mȍd^?t:Y?r~VlȰװgvv\'>$/TTZ<rg-k:͑\0\0gQ~˥fqc\'UYP㌲A\0x^$m?^jԾV:f{\0[L[=rPI#?PIwAC6q8ӯWm+n?މF)#+v\"sS!GTv+$#\'>Rq%sd9=;)ݔ;&V\0v\0/Z4,JeQ<^Jk\0h#:v8&<?s;J8UF	&7mh }Y3=z\\-y򣌆*\0\nyzˏkK\0bG;$f:ck=^2\\7`gq\0M7O{+(H:;JVBGGV\\nZcکW,yӵXI8=[Xn*p!xB0z=Ǌt[t\rBcqҍ*2A\0ҝ~B)Cq\0=*Y\nXб0sF2wԙ٢9-zzYϮ}j;j1*r>\0qpSvr\\b[K؍yWϮ1ڱlʮK	;~\\ںE0	KNzw;Mj2+\'u9I\ZElWUE̛=Uݞ*0yb$t=1ZPڒq9=A==N1x0X;gR\n3z_[$$@zpGˏNQ6<<tRa1y$q隝aRpF2Ԏ.;|NI#=\'9\0U*R\0\r`g=鱪&\\tAmT)@0Fqר?:R\ZOt0=1OIXNN۞mKM\r.U~<~Uj7Zۘu\n0ÏOY6W\r̜#\0=GAtD2۱N~R3ZiY=_%OT@h9c?rr`^ErX39\'9p+֯oW$dR2r+G6y2cF=Z!m~Py0FI${s[:IHNds#vYoH-XrBs۽_+_y\"OnvF9#Z+eN2@8Ϩo<j7rI&mE9)l)\0+\Z\\vԍ66ѻ9ǧ~Z	Τ`x8UY.=6\"Ҡd`s1KhI#\09A,#˜!i3p==,lC-Fw09=>_JmBN玸5Z4gQW<\0\0~GTwfAzF8>{z]bA\0oHwsBFz\n#p./RCY!⾱g#Gb0F|VRyls#E!@&<1H]R-}9<{}ZU=q8~#z_4`w dtZ66.\09v{Mg H:g ghXy$;#!R{ׯO֯A3FᏫ8V,wwW{9^)e\0{uI㹟HcBʮpǿr1\0?li	\0zk3RdE\0\'5^(9݌dd\0˖#Ώmo,j&`I;۱5m\"-<\ZIqbRaO ``~$6	UjѪBM\"+K(93#ݪk\"h$6y\'I\0\Z@U8<`2!՝1o\\wquIlJU/\n\0>Zy,K2:ZCF9A{5e]zgfJ~rυDnNQ֤BXgjz?uWRI#g%08#U\'Vvv:OLv>w\\\'#߁Ҵ$*a0`C{P%sؓz;wiF̮s0mT,_8(!I?@OE682@$~rr8\'j1WOV $zzqOjSyucm99`=F=Yh\0v_8x9ޔב\nc`=\nE|C~lm899qsGV6=G9AOvyG8 r9$\Zp1{ql=(gjhr62}@8Py6Ϳ\0b*!qduj\0b?U;EY̏!\0z\0Z54F*:`wz>oS7|8?WXC+!\\wQO7wvr#تv2Fr\0ҼZYyV9F}WyV*Wh0`7n$<`^}\ZFViwGPpFI?:{F<Gjc-}Cw Aj:0=sOQOV_Y\"KyAԫd\'\'88Y7k`!ϩDyj>ׯϧOeɨ	a(s!$l*ےS9-p=Wt0H,HԤ-<8PA\'qV~l\'nzsJr_;r2z`w@\"\0pdwk&8iI9y#jd3*D#8s\0\'vCO\'#\'=A=NG_Nՙh,$rxU$Jpϡ\'Pl/2#mI/\rȿ; Ǟ	Z/;pH9YLnFsqU{x/6`J˙{]mfq߯5\ruރ}h$k\\2;vve,FAxǰR\"IsfFܼ09ׯOct6`vzV)I<@\\9=Õ\r\n\0>{VIk$E?Zƛ4O+\'zG\rH2\06oZϥN\0@)9;t˿O۸\rAOWEFP7wz:孍Фrp9zl~V\n9\\/C\nElnbꡁ<N1B;c#C6ʧ;yx>;Tv:uL\"۝y:SUY;d(KPAoé\'I,8~pa$\\~0aщ\0r=RR5\0GBنrTd<n}MY1}k9Gٝ ?*H9Ďb<6\0 l\\lϞަw%@b0TNϷj)c\rA_kێ19=jd-x}3ߵUc{%O*8NhA̓Жlؓϸjs_~	ˑƪ\n7zzx\0<bavB*F1@c9\'c1FG}9*A0PcV:>\\p\\Oq=;q6s{~a0r{iR91($$GNެItI+\0\'~=}ik6bgGӭS\0\0OH^F$	#s׮zzկ:?EjvBYxoA6?k.>g\0qhǇ.\rj5.y\'5yI\0V]NnCik*oo\0h{0؆A)\0]\0B_	\0o(hZվ	$T=9/~G\0Ѝc=\04QY\Zc2o5\0E\ZGzЏ=_\0ET-h\\Ǽ\0eiSEo	Ǜ\06=s*~\05cQ[#[E\0]Uk?\\Ej̺\Zp7)QRȖ\0\0V-QN;M)~*\"WB=7{\0\0U\0i/ܦ\0oQZt1]K\r\0c\0Ttb)ǩKs^G\0:*K', 1);

DROP TABLE IF EXISTS `modulos`;
CREATE TABLE `modulos` (
  `idmodulos` int(11) NOT NULL,
  `descripcion` varchar(150) DEFAULT NULL,
  `estado` int(11) DEFAULT NULL
) ENGINE=InnoDB DEFAULT CHARSET=latin1;

INSERT INTO `modulos` (`idmodulos`, `descripcion`, `estado`) VALUES
(1, 'CLIENTES', 1),
(2, 'PRODUCTOS', 1),
(3, 'VENDER', 1),
(4, 'REPORTE', 1),
(5, 'USUARIOS', 1);

DROP TABLE IF EXISTS `permisos`;
CREATE TABLE `permisos` (
  `idpermisos` int(11) NOT NULL,
  `valor` int(11) DEFAULT NULL,
  `descripcion` varchar(45) DEFAULT NULL,
  `id_modulos` int(11) DEFAULT NULL
) ENGINE=InnoDB DEFAULT CHARSET=latin1 COMMENT='ESTA TABLA CONTIENE LOS PERMISOS Y ESTA CRUZADA CON LOS MODULOS \nMODULO 1  CLIENTES\nMODULO 2  PRODUCTOS\nMODULO 3  VENTAS\nMODULO 4  REPORTES';

INSERT INTO `permisos` (`idpermisos`, `valor`, `descripcion`, `id_modulos`) VALUES
(1, 1, 'crear-clientes', 1),
(2, 1, 'editar-clientes', 1),
(3, 1, 'eliminar-clientes', 1),
(4, 1, 'ver-clientes', 1),
(5, 1, 'generar-clientes', 1),
(11, 1, 'crear-productos', 2),
(12, 1, 'editar-productos', 2),
(13, 1, 'eliminar-productos', 2),
(14, 1, 'ver-productos', 2),
(15, 1, 'generar-productos', 2),
(16, 1, 'crear-vender', 3),
(17, 1, 'editar-vender', 3),
(18, 1, 'eliminar-vender', 3),
(19, 1, 'ver-vender', 3),
(20, 1, 'generar-vender', 3),
(26, 1, 'crear-reporte', 4),
(27, 1, 'editar-reporte', 4),
(28, 1, 'eliminar-reporte', 4),
(29, 1, 'ver-reporte', 4),
(30, 1, 'generar-reporte', 4),
(31, 1, 'crear-usuarios', 5),
(32, 1, 'editar-usuarios', 5),
(33, 1, 'eliminar-usuarios', 5),
(34, 1, 'ver-usuarios', 5),
(35, 1, 'generar-usuarios', 5);

DROP TABLE IF EXISTS `persona`;
CREATE TABLE `persona` (
  `codigo` int(4) NOT NULL,
  `nombre` varchar(20) DEFAULT NULL,
  `sexo` char(1) DEFAULT NULL
) ENGINE=InnoDB DEFAULT CHARSET=latin1;

DROP TABLE IF EXISTS `producto`;
CREATE TABLE `producto` (
  `codProducto` int(11) NOT NULL,
  `nombreProducto` varchar(75) CHARACTER SET utf8 COLLATE utf8_spanish_ci NOT NULL,
  `precioVenta` decimal(10,2) NOT NULL,
  `stockMinimo` int(11) NOT NULL,
  `stockActual` int(11) NOT NULL,
  `codBarra` varchar(50) CHARACTER SET utf8 COLLATE utf8_spanish_ci DEFAULT NULL,
  `estado` int(11) NOT NULL,
  `fechaInicio` date DEFAULT NULL,
  `fechaFinal` date DEFAULT NULL,
  `otrosProductos` int(11) DEFAULT NULL
) ENGINE=InnoDB DEFAULT CHARSET=latin1;

INSERT INTO `producto` (`codProducto`, `nombreProducto`, `precioVenta`, `stockMinimo`, `stockActual`, `codBarra`, `estado`, `fechaInicio`, `fechaFinal`, `otrosProductos`) VALUES
(20, 'PESAS', '25.00', 10, 999999992, 'PESAS/SPINNIG', 1, NULL, NULL, 1),
(23, 'SPINNING', '15.00', 10, 999999997, 'SPINNING', 1, NULL, NULL, 1),
(24, 'MATRICULA', '5.00', 10, 999999996, 'MATRICULA', 1, NULL, NULL, 1),
(25, 'ENTRENAMIENTO', '40.00', 10, 999999997, 'PERSONALIZADO', 1, NULL, NULL, 1);

DROP TABLE IF EXISTS `rol`;
CREATE TABLE `rol` (
  `idrol` int(11) NOT NULL,
  `nombre` varchar(45) DEFAULT NULL,
  `descripcion` varchar(150) DEFAULT NULL,
  `estado` int(11) DEFAULT NULL
) ENGINE=InnoDB DEFAULT CHARSET=latin1;

INSERT INTO `rol` (`idrol`, `nombre`, `descripcion`, `estado`) VALUES
(1, 'admin', 'full-access', 1);

DROP TABLE IF EXISTS `rol_permiso`;
CREATE TABLE `rol_permiso` (
  `idrol_permiso` int(11) NOT NULL,
  `id_rol` int(11) DEFAULT NULL,
  `id_permiso` int(11) DEFAULT NULL
) ENGINE=InnoDB DEFAULT CHARSET=latin1 COMMENT='ESTA TABLA CRUZA LA DATA DE LOS PERMISOS CON EL ROL';

INSERT INTO `rol_permiso` (`idrol_permiso`, `id_rol`, `id_permiso`) VALUES
(1, 1, 1),
(2, 1, 2),
(3, 1, 3),
(4, 1, 4),
(5, 1, 5),
(6, 1, 11),
(7, 1, 12),
(8, 1, 13),
(9, 1, 14),
(10, 1, 15),
(11, 1, 16),
(12, 1, 17),
(13, 1, 18),
(14, 1, 19),
(15, 1, 20),
(16, 1, 26),
(17, 1, 27),
(18, 1, 28),
(19, 1, 29),
(20, 1, 30),
(92, 1, 31),
(93, 1, 32),
(94, 1, 33),
(95, 1, 34),
(96, 1, 35);

DROP TABLE IF EXISTS `seguimiento`;
CREATE TABLE `seguimiento` (
  `idseguimiento` int(11) NOT NULL,
  `revisado` int(11) DEFAULT NULL,
  `revisionFechaInicio` datetime NOT NULL DEFAULT CURRENT_TIMESTAMP
) ENGINE=InnoDB DEFAULT CHARSET=latin1;

DROP TABLE IF EXISTS `thema`;
CREATE TABLE `thema` (
  `idthema` int(11) NOT NULL,
  `estado` int(11) DEFAULT NULL,
  `nombre` varchar(45) DEFAULT NULL
) ENGINE=InnoDB DEFAULT CHARSET=latin1;

INSERT INTO `thema` (`idthema`, `estado`, `nombre`) VALUES
(1, 1, 'bootstrap');

DROP TABLE IF EXISTS `usuarios`;
CREATE TABLE `usuarios` (
  `idusuarios` int(11) NOT NULL,
  `usuario` varchar(45) DEFAULT NULL,
  `clave` varchar(45) DEFAULT NULL,
  `nombre` varchar(150) DEFAULT NULL,
  `correo` varchar(150) DEFAULT NULL,
  `telefono` varchar(45) DEFAULT NULL,
  `rol` int(11) DEFAULT NULL,
  `estado` int(11) DEFAULT NULL
) ENGINE=InnoDB DEFAULT CHARSET=latin1;

INSERT INTO `usuarios` (`idusuarios`, `usuario`, `clave`, `nombre`, `correo`, `telefono`, `rol`, `estado`) VALUES
(1, 'admin', '@admin', 'ADMINISTRADOR', 'test@gmail.com', '0', 1, 1);


ALTER TABLE `clientes`
  ADD PRIMARY KEY (`idclientes`);

ALTER TABLE `detallefactura`
  ADD PRIMARY KEY (`codDetalle`),
  ADD KEY `FK_detalle_Factura_idx` (`codFactura`),
  ADD KEY `FK_detalle_producto_idx` (`codProducto`);

ALTER TABLE `factura`
  ADD PRIMARY KEY (`codFactura`),
  ADD KEY `FK_factura_cliente_idx` (`idclientes`),
  ADD KEY `FK_factura_usuario_idx` (`idusuarios`);

ALTER TABLE `imagen`
  ADD PRIMARY KEY (`codigo`);

ALTER TABLE `imagenes`
  ADD PRIMARY KEY (`idimagenes`);

ALTER TABLE `modulos`
  ADD PRIMARY KEY (`idmodulos`);

ALTER TABLE `permisos`
  ADD PRIMARY KEY (`idpermisos`),
  ADD KEY `idmodulos_idx` (`id_modulos`);

ALTER TABLE `persona`
  ADD PRIMARY KEY (`codigo`);

ALTER TABLE `producto`
  ADD PRIMARY KEY (`codProducto`);

ALTER TABLE `rol`
  ADD PRIMARY KEY (`idrol`);

ALTER TABLE `rol_permiso`
  ADD PRIMARY KEY (`idrol_permiso`),
  ADD KEY `id_permiso_idx` (`id_permiso`),
  ADD KEY `idrol_idx` (`id_rol`);

ALTER TABLE `seguimiento`
  ADD PRIMARY KEY (`idseguimiento`);

ALTER TABLE `thema`
  ADD PRIMARY KEY (`idthema`);

ALTER TABLE `usuarios`
  ADD PRIMARY KEY (`idusuarios`);


ALTER TABLE `clientes`
  MODIFY `idclientes` int(11) NOT NULL AUTO_INCREMENT COMMENT 'El idclientes se cruza con el campo id de la tabla imagenes para sacar la imagen blob', AUTO_INCREMENT=165;
ALTER TABLE `detallefactura`
  MODIFY `codDetalle` int(11) NOT NULL AUTO_INCREMENT, AUTO_INCREMENT=3;
ALTER TABLE `factura`
  MODIFY `codFactura` int(11) NOT NULL AUTO_INCREMENT, AUTO_INCREMENT=3;
ALTER TABLE `imagen`
  MODIFY `codigo` int(11) NOT NULL AUTO_INCREMENT;
ALTER TABLE `imagenes`
  MODIFY `idimagenes` int(11) NOT NULL AUTO_INCREMENT, AUTO_INCREMENT=3;
ALTER TABLE `modulos`
  MODIFY `idmodulos` int(11) NOT NULL AUTO_INCREMENT, AUTO_INCREMENT=6;
ALTER TABLE `permisos`
  MODIFY `idpermisos` int(11) NOT NULL AUTO_INCREMENT, AUTO_INCREMENT=36;
ALTER TABLE `persona`
  MODIFY `codigo` int(4) NOT NULL AUTO_INCREMENT;
ALTER TABLE `producto`
  MODIFY `codProducto` int(11) NOT NULL AUTO_INCREMENT, AUTO_INCREMENT=26;
ALTER TABLE `rol`
  MODIFY `idrol` int(11) NOT NULL AUTO_INCREMENT, AUTO_INCREMENT=2;
ALTER TABLE `rol_permiso`
  MODIFY `idrol_permiso` int(11) NOT NULL AUTO_INCREMENT, AUTO_INCREMENT=97;
ALTER TABLE `seguimiento`
  MODIFY `idseguimiento` int(11) NOT NULL AUTO_INCREMENT;
ALTER TABLE `thema`
  MODIFY `idthema` int(11) NOT NULL AUTO_INCREMENT, AUTO_INCREMENT=2;
ALTER TABLE `usuarios`
  MODIFY `idusuarios` int(11) NOT NULL AUTO_INCREMENT, AUTO_INCREMENT=2;

ALTER TABLE `detallefactura`
  ADD CONSTRAINT `FK_detalle_Factura` FOREIGN KEY (`codFactura`) REFERENCES `factura` (`codFactura`) ON DELETE CASCADE ON UPDATE CASCADE,
  ADD CONSTRAINT `FK_detalle_producto` FOREIGN KEY (`codProducto`) REFERENCES `producto` (`codProducto`) ON DELETE CASCADE ON UPDATE CASCADE;

ALTER TABLE `factura`
  ADD CONSTRAINT `FK_factura_cliente` FOREIGN KEY (`idclientes`) REFERENCES `clientes` (`idclientes`) ON DELETE CASCADE ON UPDATE CASCADE,
  ADD CONSTRAINT `FK_factura_usuario` FOREIGN KEY (`idusuarios`) REFERENCES `usuarios` (`idusuarios`) ON DELETE CASCADE ON UPDATE CASCADE;

ALTER TABLE `permisos`
  ADD CONSTRAINT `idmodulos` FOREIGN KEY (`id_modulos`) REFERENCES `modulos` (`idmodulos`) ON DELETE NO ACTION ON UPDATE NO ACTION;

ALTER TABLE `rol_permiso`
  ADD CONSTRAINT `idpermisos` FOREIGN KEY (`id_permiso`) REFERENCES `permisos` (`idpermisos`) ON DELETE CASCADE ON UPDATE CASCADE,
  ADD CONSTRAINT `idrol` FOREIGN KEY (`id_rol`) REFERENCES `rol` (`idrol`) ON DELETE CASCADE ON UPDATE CASCADE;

/*!40101 SET CHARACTER_SET_CLIENT=@OLD_CHARACTER_SET_CLIENT */;
/*!40101 SET CHARACTER_SET_RESULTS=@OLD_CHARACTER_SET_RESULTS */;
/*!40101 SET COLLATION_CONNECTION=@OLD_COLLATION_CONNECTION */;
